fsync,synchronousCommit,fullPageWrites,trackActivities,trackCounts,sharedBuffers,tempBuffers,workMem,performance
0.0,0.0,0.0,0.0,0.0,64.0,2.0,256.0,46272.2
0.0,0.0,0.0,0.0,0.0,128.0,2.0,256.0,46236.8
0.0,0.0,0.0,0.0,0.0,256.0,2.0,256.0,46207.6
0.0,0.0,0.0,0.0,0.0,64.0,8.0,256.0,46297.6
0.0,0.0,0.0,0.0,0.0,128.0,8.0,256.0,46204.0
0.0,0.0,0.0,0.0,0.0,256.0,8.0,256.0,46305.6
0.0,0.0,0.0,0.0,0.0,64.0,32.0,256.0,46471.2
0.0,0.0,0.0,0.0,0.0,128.0,32.0,256.0,46255.0
0.0,0.0,0.0,0.0,0.0,256.0,32.0,256.0,46275.0
0.0,0.0,0.0,0.0,0.0,64.0,2.0,1024.0,47571.0
0.0,0.0,0.0,0.0,0.0,128.0,2.0,1024.0,46169.2
0.0,0.0,0.0,0.0,0.0,256.0,2.0,1024.0,46194.6
0.0,0.0,0.0,0.0,0.0,64.0,8.0,1024.0,46349.4
0.0,0.0,0.0,0.0,0.0,128.0,8.0,1024.0,46208.0
0.0,0.0,0.0,0.0,0.0,256.0,8.0,1024.0,46252.0
0.0,0.0,0.0,0.0,0.0,64.0,32.0,1024.0,46298.4
0.0,0.0,0.0,0.0,0.0,128.0,32.0,1024.0,46582.2
0.0,0.0,0.0,0.0,0.0,256.0,32.0,1024.0,46256.6
0.0,0.0,0.0,0.0,0.0,64.0,2.0,4096.0,46558.6
0.0,0.0,0.0,0.0,0.0,128.0,2.0,4096.0,46501.2
0.0,0.0,0.0,0.0,0.0,256.0,2.0,4096.0,46167.0
0.0,0.0,0.0,0.0,0.0,64.0,8.0,4096.0,46285.0
0.0,0.0,0.0,0.0,0.0,128.0,8.0,4096.0,46245.8
0.0,0.0,0.0,0.0,0.0,256.0,8.0,4096.0,46426.6
0.0,0.0,0.0,0.0,0.0,64.0,32.0,4096.0,46314.4
0.0,0.0,0.0,0.0,0.0,128.0,32.0,4096.0,46476.2
0.0,0.0,0.0,0.0,0.0,256.0,32.0,4096.0,46042.4
0.0,0.0,0.0,0.0,1.0,64.0,2.0,256.0,46337.0
0.0,0.0,0.0,0.0,1.0,128.0,2.0,256.0,47198.6
0.0,0.0,0.0,0.0,1.0,256.0,2.0,256.0,46214.2
0.0,0.0,0.0,0.0,1.0,64.0,8.0,256.0,46194.8
0.0,0.0,0.0,0.0,1.0,128.0,8.0,256.0,46184.2
0.0,0.0,0.0,0.0,1.0,256.0,8.0,256.0,46100.4
0.0,0.0,0.0,0.0,1.0,64.0,32.0,256.0,46295.4
0.0,0.0,0.0,0.0,1.0,128.0,32.0,256.0,46035.0
0.0,0.0,0.0,0.0,1.0,256.0,32.0,256.0,46294.8
0.0,0.0,0.0,0.0,1.0,64.0,2.0,1024.0,46267.8
0.0,0.0,0.0,0.0,1.0,128.0,2.0,1024.0,46113.2
0.0,0.0,0.0,0.0,1.0,256.0,2.0,1024.0,46354.2
0.0,0.0,0.0,0.0,1.0,64.0,8.0,1024.0,46184.4
0.0,0.0,0.0,0.0,1.0,128.0,8.0,1024.0,46255.2
0.0,0.0,0.0,0.0,1.0,256.0,8.0,1024.0,46303.0
0.0,0.0,0.0,0.0,1.0,64.0,32.0,1024.0,46172.2
0.0,0.0,0.0,0.0,1.0,128.0,32.0,1024.0,46299.2
0.0,0.0,0.0,0.0,1.0,256.0,32.0,1024.0,46176.6
0.0,0.0,0.0,0.0,1.0,64.0,2.0,4096.0,47346.2
0.0,0.0,0.0,0.0,1.0,128.0,2.0,4096.0,46108.2
0.0,0.0,0.0,0.0,1.0,256.0,2.0,4096.0,47094.8
0.0,0.0,0.0,0.0,1.0,64.0,8.0,4096.0,46327.8
0.0,0.0,0.0,0.0,1.0,128.0,8.0,4096.0,46212.2
0.0,0.0,0.0,0.0,1.0,256.0,8.0,4096.0,46282.0
0.0,0.0,0.0,0.0,1.0,64.0,32.0,4096.0,46073.6
0.0,0.0,0.0,0.0,1.0,128.0,32.0,4096.0,46304.6
0.0,0.0,0.0,0.0,1.0,256.0,32.0,4096.0,46070.8
0.0,0.0,0.0,1.0,0.0,64.0,2.0,256.0,46461.6
0.0,0.0,0.0,1.0,0.0,128.0,2.0,256.0,46486.8
0.0,0.0,0.0,1.0,0.0,256.0,2.0,256.0,46452.6
0.0,0.0,0.0,1.0,0.0,64.0,8.0,256.0,46269.0
0.0,0.0,0.0,1.0,0.0,128.0,8.0,256.0,46366.6
0.0,0.0,0.0,1.0,0.0,256.0,8.0,256.0,46388.8
0.0,0.0,0.0,1.0,0.0,64.0,32.0,256.0,46298.4
0.0,0.0,0.0,1.0,0.0,128.0,32.0,256.0,46457.2
0.0,0.0,0.0,1.0,0.0,256.0,32.0,256.0,46346.4
0.0,0.0,0.0,1.0,0.0,64.0,2.0,1024.0,46287.8
0.0,0.0,0.0,1.0,0.0,128.0,2.0,1024.0,46355.2
0.0,0.0,0.0,1.0,0.0,256.0,2.0,1024.0,46554.6
0.0,0.0,0.0,1.0,0.0,64.0,8.0,1024.0,46405.2
0.0,0.0,0.0,1.0,0.0,128.0,8.0,1024.0,46551.6
0.0,0.0,0.0,1.0,0.0,256.0,8.0,1024.0,46393.4
0.0,0.0,0.0,1.0,0.0,64.0,32.0,1024.0,46258.0
0.0,0.0,0.0,1.0,0.0,128.0,32.0,1024.0,46368.8
0.0,0.0,0.0,1.0,0.0,256.0,32.0,1024.0,46419.0
0.0,0.0,0.0,1.0,0.0,64.0,2.0,4096.0,46738.0
0.0,0.0,0.0,1.0,0.0,128.0,2.0,4096.0,47528.8
0.0,0.0,0.0,1.0,0.0,256.0,2.0,4096.0,46365.8
0.0,0.0,0.0,1.0,0.0,64.0,8.0,4096.0,46361.2
0.0,0.0,0.0,1.0,0.0,128.0,8.0,4096.0,46352.2
0.0,0.0,0.0,1.0,0.0,256.0,8.0,4096.0,46597.8
0.0,0.0,0.0,1.0,0.0,64.0,32.0,4096.0,46264.2
0.0,0.0,0.0,1.0,0.0,128.0,32.0,4096.0,46365.0
0.0,0.0,0.0,1.0,0.0,256.0,32.0,4096.0,46898.4
0.0,0.0,0.0,1.0,1.0,64.0,2.0,256.0,46471.2
0.0,0.0,0.0,1.0,1.0,128.0,2.0,256.0,46335.6
0.0,0.0,0.0,1.0,1.0,256.0,2.0,256.0,46438.2
0.0,0.0,0.0,1.0,1.0,64.0,8.0,256.0,46340.2
0.0,0.0,0.0,1.0,1.0,128.0,8.0,256.0,46472.4
0.0,0.0,0.0,1.0,1.0,256.0,8.0,256.0,46222.8
0.0,0.0,0.0,1.0,1.0,64.0,32.0,256.0,46427.2
0.0,0.0,0.0,1.0,1.0,128.0,32.0,256.0,46408.2
0.0,0.0,0.0,1.0,1.0,256.0,32.0,256.0,47443.6
0.0,0.0,0.0,1.0,1.0,64.0,2.0,1024.0,46426.0
0.0,0.0,0.0,1.0,1.0,128.0,2.0,1024.0,46407.8
0.0,0.0,0.0,1.0,1.0,256.0,2.0,1024.0,46274.2
0.0,0.0,0.0,1.0,1.0,64.0,8.0,1024.0,47331.0
0.0,0.0,0.0,1.0,1.0,128.0,8.0,1024.0,46358.4
0.0,0.0,0.0,1.0,1.0,256.0,8.0,1024.0,46307.6
0.0,0.0,0.0,1.0,1.0,64.0,32.0,1024.0,46600.2
0.0,0.0,0.0,1.0,1.0,128.0,32.0,1024.0,46258.4
0.0,0.0,0.0,1.0,1.0,256.0,32.0,1024.0,46368.4
0.0,0.0,0.0,1.0,1.0,64.0,2.0,4096.0,46482.0
0.0,0.0,0.0,1.0,1.0,128.0,2.0,4096.0,46338.8
0.0,0.0,0.0,1.0,1.0,256.0,2.0,4096.0,46327.4
0.0,0.0,0.0,1.0,1.0,64.0,8.0,4096.0,46806.6
0.0,0.0,0.0,1.0,1.0,128.0,8.0,4096.0,46615.8
0.0,0.0,0.0,1.0,1.0,256.0,8.0,4096.0,46339.4
0.0,0.0,0.0,1.0,1.0,64.0,32.0,4096.0,46546.8
0.0,0.0,0.0,1.0,1.0,128.0,32.0,4096.0,46343.6
0.0,0.0,0.0,1.0,1.0,256.0,32.0,4096.0,46507.4
0.0,0.0,1.0,0.0,0.0,64.0,2.0,256.0,46097.4
0.0,0.0,1.0,0.0,0.0,128.0,2.0,256.0,46293.4
0.0,0.0,1.0,0.0,0.0,256.0,2.0,256.0,46199.6
0.0,0.0,1.0,0.0,0.0,64.0,8.0,256.0,46528.8
0.0,0.0,1.0,0.0,0.0,128.0,8.0,256.0,46140.0
0.0,0.0,1.0,0.0,0.0,256.0,8.0,256.0,46381.6
0.0,0.0,1.0,0.0,0.0,64.0,32.0,256.0,46180.0
0.0,0.0,1.0,0.0,0.0,128.0,32.0,256.0,46078.8
0.0,0.0,1.0,0.0,0.0,256.0,32.0,256.0,46243.2
0.0,0.0,1.0,0.0,0.0,64.0,2.0,1024.0,46199.0
0.0,0.0,1.0,0.0,0.0,128.0,2.0,1024.0,46254.6
0.0,0.0,1.0,0.0,0.0,256.0,2.0,1024.0,46432.2
0.0,0.0,1.0,0.0,0.0,64.0,8.0,1024.0,46291.6
0.0,0.0,1.0,0.0,0.0,128.0,8.0,1024.0,46245.0
0.0,0.0,1.0,0.0,0.0,256.0,8.0,1024.0,46146.2
0.0,0.0,1.0,0.0,0.0,64.0,32.0,1024.0,46389.6
0.0,0.0,1.0,0.0,0.0,128.0,32.0,1024.0,46138.8
0.0,0.0,1.0,0.0,0.0,256.0,32.0,1024.0,46212.8
0.0,0.0,1.0,0.0,0.0,64.0,2.0,4096.0,46095.0
0.0,0.0,1.0,0.0,0.0,128.0,2.0,4096.0,46307.2
0.0,0.0,1.0,0.0,0.0,256.0,2.0,4096.0,46143.4
0.0,0.0,1.0,0.0,0.0,64.0,8.0,4096.0,46330.8
0.0,0.0,1.0,0.0,0.0,128.0,8.0,4096.0,46163.2
0.0,0.0,1.0,0.0,0.0,256.0,8.0,4096.0,46383.4
0.0,0.0,1.0,0.0,0.0,64.0,32.0,4096.0,46191.2
0.0,0.0,1.0,0.0,0.0,128.0,32.0,4096.0,46233.6
0.0,0.0,1.0,0.0,0.0,256.0,32.0,4096.0,46148.2
0.0,0.0,1.0,0.0,1.0,64.0,2.0,256.0,46268.8
0.0,0.0,1.0,0.0,1.0,128.0,2.0,256.0,46121.0
0.0,0.0,1.0,0.0,1.0,256.0,2.0,256.0,46342.0
0.0,0.0,1.0,0.0,1.0,64.0,8.0,256.0,46344.4
0.0,0.0,1.0,0.0,1.0,128.0,8.0,256.0,46271.0
0.0,0.0,1.0,0.0,1.0,256.0,8.0,256.0,46064.6
0.0,0.0,1.0,0.0,1.0,64.0,32.0,256.0,46132.4
0.0,0.0,1.0,0.0,1.0,128.0,32.0,256.0,46260.2
0.0,0.0,1.0,0.0,1.0,256.0,32.0,256.0,46282.0
0.0,0.0,1.0,0.0,1.0,64.0,2.0,1024.0,46185.2
0.0,0.0,1.0,0.0,1.0,128.0,2.0,1024.0,46229.8
0.0,0.0,1.0,0.0,1.0,256.0,2.0,1024.0,46177.2
0.0,0.0,1.0,0.0,1.0,64.0,8.0,1024.0,47386.4
0.0,0.0,1.0,0.0,1.0,128.0,8.0,1024.0,46365.0
0.0,0.0,1.0,0.0,1.0,256.0,8.0,1024.0,46106.2
0.0,0.0,1.0,0.0,1.0,64.0,32.0,1024.0,46132.6
0.0,0.0,1.0,0.0,1.0,128.0,32.0,1024.0,47486.6
0.0,0.0,1.0,0.0,1.0,256.0,32.0,1024.0,45939.8
0.0,0.0,1.0,0.0,1.0,64.0,2.0,4096.0,46238.6
0.0,0.0,1.0,0.0,1.0,128.0,2.0,4096.0,46359.4
0.0,0.0,1.0,0.0,1.0,256.0,2.0,4096.0,46301.0
0.0,0.0,1.0,0.0,1.0,64.0,8.0,4096.0,46345.6
0.0,0.0,1.0,0.0,1.0,128.0,8.0,4096.0,46545.6
0.0,0.0,1.0,0.0,1.0,256.0,8.0,4096.0,46508.6
0.0,0.0,1.0,0.0,1.0,64.0,32.0,4096.0,47106.4
0.0,0.0,1.0,0.0,1.0,128.0,32.0,4096.0,46408.8
0.0,0.0,1.0,0.0,1.0,256.0,32.0,4096.0,47000.2
0.0,0.0,1.0,1.0,0.0,64.0,2.0,256.0,46508.8
0.0,0.0,1.0,1.0,0.0,128.0,2.0,256.0,46483.8
0.0,0.0,1.0,1.0,0.0,256.0,2.0,256.0,46610.2
0.0,0.0,1.0,1.0,0.0,64.0,8.0,256.0,46557.4
0.0,0.0,1.0,1.0,0.0,128.0,8.0,256.0,47257.2
0.0,0.0,1.0,1.0,0.0,256.0,8.0,256.0,46479.8
0.0,0.0,1.0,1.0,0.0,64.0,32.0,256.0,46700.8
0.0,0.0,1.0,1.0,0.0,128.0,32.0,256.0,46471.0
0.0,0.0,1.0,1.0,0.0,256.0,32.0,256.0,46622.6
0.0,0.0,1.0,1.0,0.0,64.0,2.0,1024.0,46456.0
0.0,0.0,1.0,1.0,0.0,128.0,2.0,1024.0,46881.4
0.0,0.0,1.0,1.0,0.0,256.0,2.0,1024.0,46729.2
0.0,0.0,1.0,1.0,0.0,64.0,8.0,1024.0,46966.4
0.0,0.0,1.0,1.0,0.0,128.0,8.0,1024.0,47024.0
0.0,0.0,1.0,1.0,0.0,256.0,8.0,1024.0,46903.4
0.0,0.0,1.0,1.0,0.0,64.0,32.0,1024.0,46819.6
0.0,0.0,1.0,1.0,0.0,128.0,32.0,1024.0,46495.6
0.0,0.0,1.0,1.0,0.0,256.0,32.0,1024.0,47774.0
0.0,0.0,1.0,1.0,0.0,64.0,2.0,4096.0,46806.8
0.0,0.0,1.0,1.0,0.0,128.0,2.0,4096.0,46450.2
0.0,0.0,1.0,1.0,0.0,256.0,2.0,4096.0,46625.0
0.0,0.0,1.0,1.0,0.0,64.0,8.0,4096.0,46665.2
0.0,0.0,1.0,1.0,0.0,128.0,8.0,4096.0,46503.2
0.0,0.0,1.0,1.0,0.0,256.0,8.0,4096.0,46502.6
0.0,0.0,1.0,1.0,0.0,64.0,32.0,4096.0,46914.0
0.0,0.0,1.0,1.0,0.0,128.0,32.0,4096.0,46256.6
0.0,0.0,1.0,1.0,0.0,256.0,32.0,4096.0,47278.0
0.0,0.0,1.0,1.0,1.0,64.0,2.0,256.0,46643.2
0.0,0.0,1.0,1.0,1.0,128.0,2.0,256.0,46688.4
0.0,0.0,1.0,1.0,1.0,256.0,2.0,256.0,46651.4
0.0,0.0,1.0,1.0,1.0,64.0,8.0,256.0,46834.4
0.0,0.0,1.0,1.0,1.0,128.0,8.0,256.0,46778.0
0.0,0.0,1.0,1.0,1.0,256.0,8.0,256.0,46788.6
0.0,0.0,1.0,1.0,1.0,64.0,32.0,256.0,46565.6
0.0,0.0,1.0,1.0,1.0,128.0,32.0,256.0,46567.8
0.0,0.0,1.0,1.0,1.0,256.0,32.0,256.0,46605.0
0.0,0.0,1.0,1.0,1.0,64.0,2.0,1024.0,46681.8
0.0,0.0,1.0,1.0,1.0,128.0,2.0,1024.0,46692.6
0.0,0.0,1.0,1.0,1.0,256.0,2.0,1024.0,47568.6
0.0,0.0,1.0,1.0,1.0,64.0,8.0,1024.0,46645.6
0.0,0.0,1.0,1.0,1.0,128.0,8.0,1024.0,46669.0
0.0,0.0,1.0,1.0,1.0,256.0,8.0,1024.0,46796.2
0.0,0.0,1.0,1.0,1.0,64.0,32.0,1024.0,46610.2
0.0,0.0,1.0,1.0,1.0,128.0,32.0,1024.0,46659.6
0.0,0.0,1.0,1.0,1.0,256.0,32.0,1024.0,46821.8
0.0,0.0,1.0,1.0,1.0,64.0,2.0,4096.0,46572.8
0.0,0.0,1.0,1.0,1.0,128.0,2.0,4096.0,46785.8
0.0,0.0,1.0,1.0,1.0,256.0,2.0,4096.0,46800.0
0.0,0.0,1.0,1.0,1.0,64.0,8.0,4096.0,46617.4
0.0,0.0,1.0,1.0,1.0,128.0,8.0,4096.0,46649.4
0.0,0.0,1.0,1.0,1.0,256.0,8.0,4096.0,46812.0
0.0,0.0,1.0,1.0,1.0,64.0,32.0,4096.0,46738.6
0.0,0.0,1.0,1.0,1.0,128.0,32.0,4096.0,46593.6
0.0,0.0,1.0,1.0,1.0,256.0,32.0,4096.0,46299.2
0.0,1.0,0.0,0.0,0.0,64.0,2.0,256.0,46500.4
0.0,1.0,0.0,0.0,0.0,128.0,2.0,256.0,46022.8
0.0,1.0,0.0,0.0,0.0,256.0,2.0,256.0,46440.0
0.0,1.0,0.0,0.0,0.0,64.0,8.0,256.0,46403.8
0.0,1.0,0.0,0.0,0.0,128.0,8.0,256.0,46318.0
0.0,1.0,0.0,0.0,0.0,256.0,8.0,256.0,46335.6
0.0,1.0,0.0,0.0,0.0,64.0,32.0,256.0,46122.2
0.0,1.0,0.0,0.0,0.0,128.0,32.0,256.0,46158.4
0.0,1.0,0.0,0.0,0.0,256.0,32.0,256.0,46178.0
0.0,1.0,0.0,0.0,0.0,64.0,2.0,1024.0,46111.6
0.0,1.0,0.0,0.0,0.0,128.0,2.0,1024.0,46240.8
0.0,1.0,0.0,0.0,0.0,256.0,2.0,1024.0,46248.8
0.0,1.0,0.0,0.0,0.0,64.0,8.0,1024.0,46294.0
0.0,1.0,0.0,0.0,0.0,128.0,8.0,1024.0,45980.8
0.0,1.0,0.0,0.0,0.0,256.0,8.0,1024.0,46097.6
0.0,1.0,0.0,0.0,0.0,64.0,32.0,1024.0,46224.0
0.0,1.0,0.0,0.0,0.0,128.0,32.0,1024.0,46341.0
0.0,1.0,0.0,0.0,0.0,256.0,32.0,1024.0,46094.8
0.0,1.0,0.0,0.0,0.0,64.0,2.0,4096.0,46154.0
0.0,1.0,0.0,0.0,0.0,128.0,2.0,4096.0,46368.8
0.0,1.0,0.0,0.0,0.0,256.0,2.0,4096.0,46096.4
0.0,1.0,0.0,0.0,0.0,64.0,8.0,4096.0,46264.8
0.0,1.0,0.0,0.0,0.0,128.0,8.0,4096.0,46379.2
0.0,1.0,0.0,0.0,0.0,256.0,8.0,4096.0,46102.0
0.0,1.0,0.0,0.0,0.0,64.0,32.0,4096.0,46336.2
0.0,1.0,0.0,0.0,0.0,128.0,32.0,4096.0,46197.8
0.0,1.0,0.0,0.0,0.0,256.0,32.0,4096.0,46039.0
0.0,1.0,0.0,0.0,1.0,64.0,2.0,256.0,46143.2
0.0,1.0,0.0,0.0,1.0,128.0,2.0,256.0,47040.2
0.0,1.0,0.0,0.0,1.0,256.0,2.0,256.0,46288.6
0.0,1.0,0.0,0.0,1.0,64.0,8.0,256.0,46237.6
0.0,1.0,0.0,0.0,1.0,128.0,8.0,256.0,46673.2
0.0,1.0,0.0,0.0,1.0,256.0,8.0,256.0,46192.0
0.0,1.0,0.0,0.0,1.0,64.0,32.0,256.0,46155.2
0.0,1.0,0.0,0.0,1.0,128.0,32.0,256.0,46355.2
0.0,1.0,0.0,0.0,1.0,256.0,32.0,256.0,46163.4
0.0,1.0,0.0,0.0,1.0,64.0,2.0,1024.0,46267.8
0.0,1.0,0.0,0.0,1.0,128.0,2.0,1024.0,46099.4
0.0,1.0,0.0,0.0,1.0,256.0,2.0,1024.0,46142.2
0.0,1.0,0.0,0.0,1.0,64.0,8.0,1024.0,46054.6
0.0,1.0,0.0,0.0,1.0,128.0,8.0,1024.0,46124.2
0.0,1.0,0.0,0.0,1.0,256.0,8.0,1024.0,46358.2
0.0,1.0,0.0,0.0,1.0,64.0,32.0,1024.0,46172.8
0.0,1.0,0.0,0.0,1.0,128.0,32.0,1024.0,46405.0
0.0,1.0,0.0,0.0,1.0,256.0,32.0,1024.0,46191.2
0.0,1.0,0.0,0.0,1.0,64.0,2.0,4096.0,46135.0
0.0,1.0,0.0,0.0,1.0,128.0,2.0,4096.0,46277.6
0.0,1.0,0.0,0.0,1.0,256.0,2.0,4096.0,46310.8
0.0,1.0,0.0,0.0,1.0,64.0,8.0,4096.0,46203.2
0.0,1.0,0.0,0.0,1.0,128.0,8.0,4096.0,46303.0
0.0,1.0,0.0,0.0,1.0,256.0,8.0,4096.0,46133.4
0.0,1.0,0.0,0.0,1.0,64.0,32.0,4096.0,46295.6
0.0,1.0,0.0,0.0,1.0,128.0,32.0,4096.0,46213.6
0.0,1.0,0.0,0.0,1.0,256.0,32.0,4096.0,46104.2
0.0,1.0,0.0,1.0,0.0,64.0,2.0,256.0,46355.4
0.0,1.0,0.0,1.0,0.0,128.0,2.0,256.0,46584.8
0.0,1.0,0.0,1.0,0.0,256.0,2.0,256.0,46594.4
0.0,1.0,0.0,1.0,0.0,64.0,8.0,256.0,46431.0
0.0,1.0,0.0,1.0,0.0,128.0,8.0,256.0,46439.6
0.0,1.0,0.0,1.0,0.0,256.0,8.0,256.0,46658.8
0.0,1.0,0.0,1.0,0.0,64.0,32.0,256.0,46886.0
0.0,1.0,0.0,1.0,0.0,128.0,32.0,256.0,47359.0
0.0,1.0,0.0,1.0,0.0,256.0,32.0,256.0,46333.0
0.0,1.0,0.0,1.0,0.0,64.0,2.0,1024.0,46447.6
0.0,1.0,0.0,1.0,0.0,128.0,2.0,1024.0,46599.4
0.0,1.0,0.0,1.0,0.0,256.0,2.0,1024.0,46350.2
0.0,1.0,0.0,1.0,0.0,64.0,8.0,1024.0,46348.8
0.0,1.0,0.0,1.0,0.0,128.0,8.0,1024.0,46356.0
0.0,1.0,0.0,1.0,0.0,256.0,8.0,1024.0,46598.6
0.0,1.0,0.0,1.0,0.0,64.0,32.0,1024.0,47346.8
0.0,1.0,0.0,1.0,0.0,128.0,32.0,1024.0,47239.8
0.0,1.0,0.0,1.0,0.0,256.0,32.0,1024.0,47549.4
0.0,1.0,0.0,1.0,0.0,64.0,2.0,4096.0,46433.0
0.0,1.0,0.0,1.0,0.0,128.0,2.0,4096.0,46394.4
0.0,1.0,0.0,1.0,0.0,256.0,2.0,4096.0,47670.8
0.0,1.0,0.0,1.0,0.0,64.0,8.0,4096.0,46203.0
0.0,1.0,0.0,1.0,0.0,128.0,8.0,4096.0,46586.4
0.0,1.0,0.0,1.0,0.0,256.0,8.0,4096.0,46431.0
0.0,1.0,0.0,1.0,0.0,64.0,32.0,4096.0,46404.0
0.0,1.0,0.0,1.0,0.0,128.0,32.0,4096.0,46190.0
0.0,1.0,0.0,1.0,0.0,256.0,32.0,4096.0,46756.0
0.0,1.0,0.0,1.0,1.0,64.0,2.0,256.0,46400.6
0.0,1.0,0.0,1.0,1.0,128.0,2.0,256.0,46367.0
0.0,1.0,0.0,1.0,1.0,256.0,2.0,256.0,46319.0
0.0,1.0,0.0,1.0,1.0,64.0,8.0,256.0,46752.4
0.0,1.0,0.0,1.0,1.0,128.0,8.0,256.0,47454.8
0.0,1.0,0.0,1.0,1.0,256.0,8.0,256.0,46453.0
0.0,1.0,0.0,1.0,1.0,64.0,32.0,256.0,46402.4
0.0,1.0,0.0,1.0,1.0,128.0,32.0,256.0,46423.2
0.0,1.0,0.0,1.0,1.0,256.0,32.0,256.0,46634.4
0.0,1.0,0.0,1.0,1.0,64.0,2.0,1024.0,46520.6
0.0,1.0,0.0,1.0,1.0,128.0,2.0,1024.0,46445.4
0.0,1.0,0.0,1.0,1.0,256.0,2.0,1024.0,46417.0
0.0,1.0,0.0,1.0,1.0,64.0,8.0,1024.0,47491.4
0.0,1.0,0.0,1.0,1.0,128.0,8.0,1024.0,47354.4
0.0,1.0,0.0,1.0,1.0,256.0,8.0,1024.0,46605.0
0.0,1.0,0.0,1.0,1.0,64.0,32.0,1024.0,46378.6
0.0,1.0,0.0,1.0,1.0,128.0,32.0,1024.0,46648.6
0.0,1.0,0.0,1.0,1.0,256.0,32.0,1024.0,46390.0
0.0,1.0,0.0,1.0,1.0,64.0,2.0,4096.0,46521.2
0.0,1.0,0.0,1.0,1.0,128.0,2.0,4096.0,46322.4
0.0,1.0,0.0,1.0,1.0,256.0,2.0,4096.0,46615.0
0.0,1.0,0.0,1.0,1.0,64.0,8.0,4096.0,46329.0
0.0,1.0,0.0,1.0,1.0,128.0,8.0,4096.0,46535.6
0.0,1.0,0.0,1.0,1.0,256.0,8.0,4096.0,46447.6
0.0,1.0,0.0,1.0,1.0,64.0,32.0,4096.0,46490.6
0.0,1.0,0.0,1.0,1.0,128.0,32.0,4096.0,46394.0
0.0,1.0,0.0,1.0,1.0,256.0,32.0,4096.0,47368.0
0.0,1.0,1.0,0.0,0.0,64.0,2.0,256.0,46338.6
0.0,1.0,1.0,0.0,0.0,128.0,2.0,256.0,46183.8
0.0,1.0,1.0,0.0,0.0,256.0,2.0,256.0,46407.8
0.0,1.0,1.0,0.0,0.0,64.0,8.0,256.0,45922.8
0.0,1.0,1.0,0.0,0.0,128.0,8.0,256.0,46214.6
0.0,1.0,1.0,0.0,0.0,256.0,8.0,256.0,46092.0
0.0,1.0,1.0,0.0,0.0,64.0,32.0,256.0,46144.0
0.0,1.0,1.0,0.0,0.0,128.0,32.0,256.0,46144.0
0.0,1.0,1.0,0.0,0.0,256.0,32.0,256.0,46640.6
0.0,1.0,1.0,0.0,0.0,64.0,2.0,1024.0,46321.6
0.0,1.0,1.0,0.0,0.0,128.0,2.0,1024.0,47200.2
0.0,1.0,1.0,0.0,0.0,256.0,2.0,1024.0,46191.4
0.0,1.0,1.0,0.0,0.0,64.0,8.0,1024.0,46317.8
0.0,1.0,1.0,0.0,0.0,128.0,8.0,1024.0,46539.2
0.0,1.0,1.0,0.0,0.0,256.0,8.0,1024.0,47095.6
0.0,1.0,1.0,0.0,0.0,64.0,32.0,1024.0,46145.0
0.0,1.0,1.0,0.0,0.0,128.0,32.0,1024.0,46311.2
0.0,1.0,1.0,0.0,0.0,256.0,32.0,1024.0,46047.4
0.0,1.0,1.0,0.0,0.0,64.0,2.0,4096.0,46357.8
0.0,1.0,1.0,0.0,0.0,128.0,2.0,4096.0,46235.8
0.0,1.0,1.0,0.0,0.0,256.0,2.0,4096.0,46427.0
0.0,1.0,1.0,0.0,0.0,64.0,8.0,4096.0,46121.6
0.0,1.0,1.0,0.0,0.0,128.0,8.0,4096.0,46157.6
0.0,1.0,1.0,0.0,0.0,256.0,8.0,4096.0,46382.8
0.0,1.0,1.0,0.0,0.0,64.0,32.0,4096.0,46715.4
0.0,1.0,1.0,0.0,0.0,128.0,32.0,4096.0,46145.8
0.0,1.0,1.0,0.0,0.0,256.0,32.0,4096.0,46191.2
0.0,1.0,1.0,0.0,1.0,64.0,2.0,256.0,46194.4
0.0,1.0,1.0,0.0,1.0,128.0,2.0,256.0,46285.6
0.0,1.0,1.0,0.0,1.0,256.0,2.0,256.0,46083.6
0.0,1.0,1.0,0.0,1.0,64.0,8.0,256.0,46219.0
0.0,1.0,1.0,0.0,1.0,128.0,8.0,256.0,46212.4
0.0,1.0,1.0,0.0,1.0,256.0,8.0,256.0,47092.0
0.0,1.0,1.0,0.0,1.0,64.0,32.0,256.0,46325.8
0.0,1.0,1.0,0.0,1.0,128.0,32.0,256.0,46129.8
0.0,1.0,1.0,0.0,1.0,256.0,32.0,256.0,46169.8
0.0,1.0,1.0,0.0,1.0,64.0,2.0,1024.0,46614.4
0.0,1.0,1.0,0.0,1.0,128.0,2.0,1024.0,46282.6
0.0,1.0,1.0,0.0,1.0,256.0,2.0,1024.0,46256.8
0.0,1.0,1.0,0.0,1.0,64.0,8.0,1024.0,46293.6
0.0,1.0,1.0,0.0,1.0,128.0,8.0,1024.0,46188.8
0.0,1.0,1.0,0.0,1.0,256.0,8.0,1024.0,46398.4
0.0,1.0,1.0,0.0,1.0,64.0,32.0,1024.0,46469.6
0.0,1.0,1.0,0.0,1.0,128.0,32.0,1024.0,46436.8
0.0,1.0,1.0,0.0,1.0,256.0,32.0,1024.0,46493.8
0.0,1.0,1.0,0.0,1.0,64.0,2.0,4096.0,46299.4
0.0,1.0,1.0,0.0,1.0,128.0,2.0,4096.0,46615.0
0.0,1.0,1.0,0.0,1.0,256.0,2.0,4096.0,46381.4
0.0,1.0,1.0,0.0,1.0,64.0,8.0,4096.0,46694.0
0.0,1.0,1.0,0.0,1.0,128.0,8.0,4096.0,46460.8
0.0,1.0,1.0,0.0,1.0,256.0,8.0,4096.0,46207.2
0.0,1.0,1.0,0.0,1.0,64.0,32.0,4096.0,46412.4
0.0,1.0,1.0,0.0,1.0,128.0,32.0,4096.0,46577.6
0.0,1.0,1.0,0.0,1.0,256.0,32.0,4096.0,46447.8
0.0,1.0,1.0,1.0,0.0,64.0,2.0,256.0,46507.8
0.0,1.0,1.0,1.0,0.0,128.0,2.0,256.0,46517.8
0.0,1.0,1.0,1.0,0.0,256.0,2.0,256.0,46517.2
0.0,1.0,1.0,1.0,0.0,64.0,8.0,256.0,46687.4
0.0,1.0,1.0,1.0,0.0,128.0,8.0,256.0,46558.0
0.0,1.0,1.0,1.0,0.0,256.0,8.0,256.0,46539.6
0.0,1.0,1.0,1.0,0.0,64.0,32.0,256.0,46517.6
0.0,1.0,1.0,1.0,0.0,128.0,32.0,256.0,46666.8
0.0,1.0,1.0,1.0,0.0,256.0,32.0,256.0,46431.0
0.0,1.0,1.0,1.0,0.0,64.0,2.0,1024.0,46505.8
0.0,1.0,1.0,1.0,0.0,128.0,2.0,1024.0,46400.2
0.0,1.0,1.0,1.0,0.0,256.0,2.0,1024.0,46750.8
0.0,1.0,1.0,1.0,0.0,64.0,8.0,1024.0,46311.6
0.0,1.0,1.0,1.0,0.0,128.0,8.0,1024.0,46551.0
0.0,1.0,1.0,1.0,0.0,256.0,8.0,1024.0,46824.8
0.0,1.0,1.0,1.0,0.0,64.0,32.0,1024.0,46801.8
0.0,1.0,1.0,1.0,0.0,128.0,32.0,1024.0,46795.6
0.0,1.0,1.0,1.0,0.0,256.0,32.0,1024.0,46477.8
0.0,1.0,1.0,1.0,0.0,64.0,2.0,4096.0,46404.4
0.0,1.0,1.0,1.0,0.0,128.0,2.0,4096.0,47187.0
0.0,1.0,1.0,1.0,0.0,256.0,2.0,4096.0,46688.0
0.0,1.0,1.0,1.0,0.0,64.0,8.0,4096.0,46771.0
0.0,1.0,1.0,1.0,0.0,128.0,8.0,4096.0,46599.8
0.0,1.0,1.0,1.0,0.0,256.0,8.0,4096.0,47064.8
0.0,1.0,1.0,1.0,0.0,64.0,32.0,4096.0,46414.2
0.0,1.0,1.0,1.0,0.0,128.0,32.0,4096.0,46612.8
0.0,1.0,1.0,1.0,0.0,256.0,32.0,4096.0,46451.4
0.0,1.0,1.0,1.0,1.0,64.0,2.0,256.0,46733.2
0.0,1.0,1.0,1.0,1.0,128.0,2.0,256.0,46463.2
0.0,1.0,1.0,1.0,1.0,256.0,2.0,256.0,46692.8
0.0,1.0,1.0,1.0,1.0,64.0,8.0,256.0,46723.2
0.0,1.0,1.0,1.0,1.0,128.0,8.0,256.0,46554.0
0.0,1.0,1.0,1.0,1.0,256.0,8.0,256.0,46778.4
0.0,1.0,1.0,1.0,1.0,64.0,32.0,256.0,46707.6
0.0,1.0,1.0,1.0,1.0,128.0,32.0,256.0,46742.0
0.0,1.0,1.0,1.0,1.0,256.0,32.0,256.0,46982.0
0.0,1.0,1.0,1.0,1.0,64.0,2.0,1024.0,46856.0
0.0,1.0,1.0,1.0,1.0,128.0,2.0,1024.0,46877.2
0.0,1.0,1.0,1.0,1.0,256.0,2.0,1024.0,46812.2
0.0,1.0,1.0,1.0,1.0,64.0,8.0,1024.0,46751.8
0.0,1.0,1.0,1.0,1.0,128.0,8.0,1024.0,46970.2
0.0,1.0,1.0,1.0,1.0,256.0,8.0,1024.0,46674.6
0.0,1.0,1.0,1.0,1.0,64.0,32.0,1024.0,47233.2
0.0,1.0,1.0,1.0,1.0,128.0,32.0,1024.0,46752.2
0.0,1.0,1.0,1.0,1.0,256.0,32.0,1024.0,46796.2
0.0,1.0,1.0,1.0,1.0,64.0,2.0,4096.0,46733.4
0.0,1.0,1.0,1.0,1.0,128.0,2.0,4096.0,47014.0
0.0,1.0,1.0,1.0,1.0,256.0,2.0,4096.0,46885.8
0.0,1.0,1.0,1.0,1.0,64.0,8.0,4096.0,46753.4
0.0,1.0,1.0,1.0,1.0,128.0,8.0,4096.0,46800.8
0.0,1.0,1.0,1.0,1.0,256.0,8.0,4096.0,46925.4
0.0,1.0,1.0,1.0,1.0,64.0,32.0,4096.0,46849.4
0.0,1.0,1.0,1.0,1.0,128.0,32.0,4096.0,46787.2
0.0,1.0,1.0,1.0,1.0,256.0,32.0,4096.0,46325.4
1.0,0.0,0.0,0.0,0.0,64.0,2.0,256.0,136455.8
1.0,0.0,0.0,0.0,0.0,128.0,2.0,256.0,133624.8
1.0,0.0,0.0,0.0,0.0,256.0,2.0,256.0,135069.0
1.0,0.0,0.0,0.0,0.0,64.0,8.0,256.0,134959.4
1.0,0.0,0.0,0.0,0.0,128.0,8.0,256.0,133984.8
1.0,0.0,0.0,0.0,0.0,256.0,8.0,256.0,134915.4
1.0,0.0,0.0,0.0,0.0,64.0,32.0,256.0,129289.6
1.0,0.0,0.0,0.0,0.0,128.0,32.0,256.0,135706.6
1.0,0.0,0.0,0.0,0.0,256.0,32.0,256.0,132823.0
1.0,0.0,0.0,0.0,0.0,64.0,2.0,1024.0,131859.6
1.0,0.0,0.0,0.0,0.0,128.0,2.0,1024.0,131468.0
1.0,0.0,0.0,0.0,0.0,256.0,2.0,1024.0,134031.2
1.0,0.0,0.0,0.0,0.0,64.0,8.0,1024.0,132700.0
1.0,0.0,0.0,0.0,0.0,128.0,8.0,1024.0,130750.8
1.0,0.0,0.0,0.0,0.0,256.0,8.0,1024.0,131793.4
1.0,0.0,0.0,0.0,0.0,64.0,32.0,1024.0,135660.4
1.0,0.0,0.0,0.0,0.0,128.0,32.0,1024.0,127243.8
1.0,0.0,0.0,0.0,0.0,256.0,32.0,1024.0,136341.4
1.0,0.0,0.0,0.0,0.0,64.0,2.0,4096.0,132542.0
1.0,0.0,0.0,0.0,0.0,128.0,2.0,4096.0,133393.2
1.0,0.0,0.0,0.0,0.0,256.0,2.0,4096.0,132200.2
1.0,0.0,0.0,0.0,0.0,64.0,8.0,4096.0,130604.8
1.0,0.0,0.0,0.0,0.0,128.0,8.0,4096.0,135612.4
1.0,0.0,0.0,0.0,0.0,256.0,8.0,4096.0,135307.4
1.0,0.0,0.0,0.0,0.0,64.0,32.0,4096.0,131737.4
1.0,0.0,0.0,0.0,0.0,128.0,32.0,4096.0,132886.0
1.0,0.0,0.0,0.0,0.0,256.0,32.0,4096.0,134589.6
1.0,0.0,0.0,0.0,1.0,64.0,2.0,256.0,133882.4
1.0,0.0,0.0,0.0,1.0,128.0,2.0,256.0,135331.6
1.0,0.0,0.0,0.0,1.0,256.0,2.0,256.0,133749.0
1.0,0.0,0.0,0.0,1.0,64.0,8.0,256.0,133634.4
1.0,0.0,0.0,0.0,1.0,128.0,8.0,256.0,133596.6
1.0,0.0,0.0,0.0,1.0,256.0,8.0,256.0,136333.8
1.0,0.0,0.0,0.0,1.0,64.0,32.0,256.0,134278.2
1.0,0.0,0.0,0.0,1.0,128.0,32.0,256.0,133749.4
1.0,0.0,0.0,0.0,1.0,256.0,32.0,256.0,135823.2
1.0,0.0,0.0,0.0,1.0,64.0,2.0,1024.0,132218.0
1.0,0.0,0.0,0.0,1.0,128.0,2.0,1024.0,135630.0
1.0,0.0,0.0,0.0,1.0,256.0,2.0,1024.0,130366.8
1.0,0.0,0.0,0.0,1.0,64.0,8.0,1024.0,134427.4
1.0,0.0,0.0,0.0,1.0,128.0,8.0,1024.0,130543.6
1.0,0.0,0.0,0.0,1.0,256.0,8.0,1024.0,135761.2
1.0,0.0,0.0,0.0,1.0,64.0,32.0,1024.0,130868.6
1.0,0.0,0.0,0.0,1.0,128.0,32.0,1024.0,132768.2
1.0,0.0,0.0,0.0,1.0,256.0,32.0,1024.0,139426.0
1.0,0.0,0.0,0.0,1.0,64.0,2.0,4096.0,132637.0
1.0,0.0,0.0,0.0,1.0,128.0,2.0,4096.0,132203.6
1.0,0.0,0.0,0.0,1.0,256.0,2.0,4096.0,132963.8
1.0,0.0,0.0,0.0,1.0,64.0,8.0,4096.0,129471.0
1.0,0.0,0.0,0.0,1.0,128.0,8.0,4096.0,140983.4
1.0,0.0,0.0,0.0,1.0,256.0,8.0,4096.0,131261.2
1.0,0.0,0.0,0.0,1.0,64.0,32.0,4096.0,128417.8
1.0,0.0,0.0,0.0,1.0,128.0,32.0,4096.0,132338.6
1.0,0.0,0.0,0.0,1.0,256.0,32.0,4096.0,129652.6
1.0,0.0,0.0,1.0,0.0,64.0,2.0,256.0,132473.4
1.0,0.0,0.0,1.0,0.0,128.0,2.0,256.0,132275.4
1.0,0.0,0.0,1.0,0.0,256.0,2.0,256.0,131727.4
1.0,0.0,0.0,1.0,0.0,64.0,8.0,256.0,133164.4
1.0,0.0,0.0,1.0,0.0,128.0,8.0,256.0,132011.0
1.0,0.0,0.0,1.0,0.0,256.0,8.0,256.0,134239.4
1.0,0.0,0.0,1.0,0.0,64.0,32.0,256.0,130240.8
1.0,0.0,0.0,1.0,0.0,128.0,32.0,256.0,134485.2
1.0,0.0,0.0,1.0,0.0,256.0,32.0,256.0,135844.0
1.0,0.0,0.0,1.0,0.0,64.0,2.0,1024.0,130483.0
1.0,0.0,0.0,1.0,0.0,128.0,2.0,1024.0,131781.2
1.0,0.0,0.0,1.0,0.0,256.0,2.0,1024.0,133313.6
1.0,0.0,0.0,1.0,0.0,64.0,8.0,1024.0,131169.0
1.0,0.0,0.0,1.0,0.0,128.0,8.0,1024.0,136143.6
1.0,0.0,0.0,1.0,0.0,256.0,8.0,1024.0,132022.4
1.0,0.0,0.0,1.0,0.0,64.0,32.0,1024.0,133348.2
1.0,0.0,0.0,1.0,0.0,128.0,32.0,1024.0,130621.6
1.0,0.0,0.0,1.0,0.0,256.0,32.0,1024.0,133283.0
1.0,0.0,0.0,1.0,0.0,64.0,2.0,4096.0,128320.8
1.0,0.0,0.0,1.0,0.0,128.0,2.0,4096.0,134138.8
1.0,0.0,0.0,1.0,0.0,256.0,2.0,4096.0,133050.0
1.0,0.0,0.0,1.0,0.0,64.0,8.0,4096.0,134655.4
1.0,0.0,0.0,1.0,0.0,128.0,8.0,4096.0,131102.8
1.0,0.0,0.0,1.0,0.0,256.0,8.0,4096.0,131930.8
1.0,0.0,0.0,1.0,0.0,64.0,32.0,4096.0,130955.8
1.0,0.0,0.0,1.0,0.0,128.0,32.0,4096.0,133001.4
1.0,0.0,0.0,1.0,0.0,256.0,32.0,4096.0,133534.2
1.0,0.0,0.0,1.0,1.0,64.0,2.0,256.0,131695.0
1.0,0.0,0.0,1.0,1.0,128.0,2.0,256.0,131667.8
1.0,0.0,0.0,1.0,1.0,256.0,2.0,256.0,131810.4
1.0,0.0,0.0,1.0,1.0,64.0,8.0,256.0,136979.0
1.0,0.0,0.0,1.0,1.0,128.0,8.0,256.0,132351.4
1.0,0.0,0.0,1.0,1.0,256.0,8.0,256.0,135852.4
1.0,0.0,0.0,1.0,1.0,64.0,32.0,256.0,134738.8
1.0,0.0,0.0,1.0,1.0,128.0,32.0,256.0,135614.0
1.0,0.0,0.0,1.0,1.0,256.0,32.0,256.0,135542.6
1.0,0.0,0.0,1.0,1.0,64.0,2.0,1024.0,133912.8
1.0,0.0,0.0,1.0,1.0,128.0,2.0,1024.0,136545.2
1.0,0.0,0.0,1.0,1.0,256.0,2.0,1024.0,135362.8
1.0,0.0,0.0,1.0,1.0,64.0,8.0,1024.0,135458.2
1.0,0.0,0.0,1.0,1.0,128.0,8.0,1024.0,135632.6
1.0,0.0,0.0,1.0,1.0,256.0,8.0,1024.0,135590.6
1.0,0.0,0.0,1.0,1.0,64.0,32.0,1024.0,131342.8
1.0,0.0,0.0,1.0,1.0,128.0,32.0,1024.0,135249.8
1.0,0.0,0.0,1.0,1.0,256.0,32.0,1024.0,135168.4
1.0,0.0,0.0,1.0,1.0,64.0,2.0,4096.0,133870.0
1.0,0.0,0.0,1.0,1.0,128.0,2.0,4096.0,134644.0
1.0,0.0,0.0,1.0,1.0,256.0,2.0,4096.0,134019.0
1.0,0.0,0.0,1.0,1.0,64.0,8.0,4096.0,134738.4
1.0,0.0,0.0,1.0,1.0,128.0,8.0,4096.0,133106.0
1.0,0.0,0.0,1.0,1.0,256.0,8.0,4096.0,134113.2
1.0,0.0,0.0,1.0,1.0,64.0,32.0,4096.0,134370.8
1.0,0.0,0.0,1.0,1.0,128.0,32.0,4096.0,132487.4
1.0,0.0,0.0,1.0,1.0,256.0,32.0,4096.0,131185.4
1.0,0.0,1.0,0.0,0.0,64.0,2.0,256.0,136890.4
1.0,0.0,1.0,0.0,0.0,128.0,2.0,256.0,135048.6
1.0,0.0,1.0,0.0,0.0,256.0,2.0,256.0,136837.8
1.0,0.0,1.0,0.0,0.0,64.0,8.0,256.0,131837.2
1.0,0.0,1.0,0.0,0.0,128.0,8.0,256.0,131236.6
1.0,0.0,1.0,0.0,0.0,256.0,8.0,256.0,133510.4
1.0,0.0,1.0,0.0,0.0,64.0,32.0,256.0,137127.0
1.0,0.0,1.0,0.0,0.0,128.0,32.0,256.0,135051.0
1.0,0.0,1.0,0.0,0.0,256.0,32.0,256.0,136622.0
1.0,0.0,1.0,0.0,0.0,64.0,2.0,1024.0,135076.2
1.0,0.0,1.0,0.0,0.0,128.0,2.0,1024.0,137218.2
1.0,0.0,1.0,0.0,0.0,256.0,2.0,1024.0,135993.4
1.0,0.0,1.0,0.0,0.0,64.0,8.0,1024.0,133410.0
1.0,0.0,1.0,0.0,0.0,128.0,8.0,1024.0,130578.0
1.0,0.0,1.0,0.0,0.0,256.0,8.0,1024.0,138245.2
1.0,0.0,1.0,0.0,0.0,64.0,32.0,1024.0,134519.0
1.0,0.0,1.0,0.0,0.0,128.0,32.0,1024.0,135323.2
1.0,0.0,1.0,0.0,0.0,256.0,32.0,1024.0,134646.2
1.0,0.0,1.0,0.0,0.0,64.0,2.0,4096.0,134209.2
1.0,0.0,1.0,0.0,0.0,128.0,2.0,4096.0,138294.4
1.0,0.0,1.0,0.0,0.0,256.0,2.0,4096.0,134997.4
1.0,0.0,1.0,0.0,0.0,64.0,8.0,4096.0,136884.0
1.0,0.0,1.0,0.0,0.0,128.0,8.0,4096.0,133337.6
1.0,0.0,1.0,0.0,0.0,256.0,8.0,4096.0,137294.8
1.0,0.0,1.0,0.0,0.0,64.0,32.0,4096.0,135630.0
1.0,0.0,1.0,0.0,0.0,128.0,32.0,4096.0,137057.4
1.0,0.0,1.0,0.0,0.0,256.0,32.0,4096.0,138631.4
1.0,0.0,1.0,0.0,1.0,64.0,2.0,256.0,134987.2
1.0,0.0,1.0,0.0,1.0,128.0,2.0,256.0,136870.8
1.0,0.0,1.0,0.0,1.0,256.0,2.0,256.0,135600.2
1.0,0.0,1.0,0.0,1.0,64.0,8.0,256.0,138369.4
1.0,0.0,1.0,0.0,1.0,128.0,8.0,256.0,136260.8
1.0,0.0,1.0,0.0,1.0,256.0,8.0,256.0,134102.0
1.0,0.0,1.0,0.0,1.0,64.0,32.0,256.0,134956.0
1.0,0.0,1.0,0.0,1.0,128.0,32.0,256.0,134666.4
1.0,0.0,1.0,0.0,1.0,256.0,32.0,256.0,137280.0
1.0,0.0,1.0,0.0,1.0,64.0,2.0,1024.0,131850.2
1.0,0.0,1.0,0.0,1.0,128.0,2.0,1024.0,135485.6
1.0,0.0,1.0,0.0,1.0,256.0,2.0,1024.0,134831.6
1.0,0.0,1.0,0.0,1.0,64.0,8.0,1024.0,135714.8
1.0,0.0,1.0,0.0,1.0,128.0,8.0,1024.0,136768.0
1.0,0.0,1.0,0.0,1.0,256.0,8.0,1024.0,134254.2
1.0,0.0,1.0,0.0,1.0,64.0,32.0,1024.0,138701.4
1.0,0.0,1.0,0.0,1.0,128.0,32.0,1024.0,140847.2
1.0,0.0,1.0,0.0,1.0,256.0,32.0,1024.0,134690.4
1.0,0.0,1.0,0.0,1.0,64.0,2.0,4096.0,137289.0
1.0,0.0,1.0,0.0,1.0,128.0,2.0,4096.0,139647.8
1.0,0.0,1.0,0.0,1.0,256.0,2.0,4096.0,134923.2
1.0,0.0,1.0,0.0,1.0,64.0,8.0,4096.0,135161.2
1.0,0.0,1.0,0.0,1.0,128.0,8.0,4096.0,137829.6
1.0,0.0,1.0,0.0,1.0,256.0,8.0,4096.0,136736.2
1.0,0.0,1.0,0.0,1.0,64.0,32.0,4096.0,135629.4
1.0,0.0,1.0,0.0,1.0,128.0,32.0,4096.0,138524.6
1.0,0.0,1.0,0.0,1.0,256.0,32.0,4096.0,138982.6
1.0,0.0,1.0,1.0,0.0,64.0,2.0,256.0,140491.6
1.0,0.0,1.0,1.0,0.0,128.0,2.0,256.0,138332.6
1.0,0.0,1.0,1.0,0.0,256.0,2.0,256.0,140950.6
1.0,0.0,1.0,1.0,0.0,64.0,8.0,256.0,141618.4
1.0,0.0,1.0,1.0,0.0,128.0,8.0,256.0,142638.0
1.0,0.0,1.0,1.0,0.0,256.0,8.0,256.0,139655.8
1.0,0.0,1.0,1.0,0.0,64.0,32.0,256.0,140165.6
1.0,0.0,1.0,1.0,0.0,128.0,32.0,256.0,140915.4
1.0,0.0,1.0,1.0,0.0,256.0,32.0,256.0,140016.8
1.0,0.0,1.0,1.0,0.0,64.0,2.0,1024.0,140228.0
1.0,0.0,1.0,1.0,0.0,128.0,2.0,1024.0,140842.0
1.0,0.0,1.0,1.0,0.0,256.0,2.0,1024.0,136959.4
1.0,0.0,1.0,1.0,0.0,64.0,8.0,1024.0,138765.2
1.0,0.0,1.0,1.0,0.0,128.0,8.0,1024.0,138096.8
1.0,0.0,1.0,1.0,0.0,256.0,8.0,1024.0,140390.4
1.0,0.0,1.0,1.0,0.0,64.0,32.0,1024.0,139522.4
1.0,0.0,1.0,1.0,0.0,128.0,32.0,1024.0,138660.8
1.0,0.0,1.0,1.0,0.0,256.0,32.0,1024.0,143943.2
1.0,0.0,1.0,1.0,0.0,64.0,2.0,4096.0,140311.8
1.0,0.0,1.0,1.0,0.0,128.0,2.0,4096.0,131911.2
1.0,0.0,1.0,1.0,0.0,256.0,2.0,4096.0,139497.4
1.0,0.0,1.0,1.0,0.0,64.0,8.0,4096.0,139204.2
1.0,0.0,1.0,1.0,0.0,128.0,8.0,4096.0,136843.8
1.0,0.0,1.0,1.0,0.0,256.0,8.0,4096.0,135527.8
1.0,0.0,1.0,1.0,0.0,64.0,32.0,4096.0,138943.4
1.0,0.0,1.0,1.0,0.0,128.0,32.0,4096.0,138185.4
1.0,0.0,1.0,1.0,0.0,256.0,32.0,4096.0,138895.2
1.0,0.0,1.0,1.0,1.0,64.0,2.0,256.0,135234.0
1.0,0.0,1.0,1.0,1.0,128.0,2.0,256.0,141082.4
1.0,0.0,1.0,1.0,1.0,256.0,2.0,256.0,136546.2
1.0,0.0,1.0,1.0,1.0,64.0,8.0,256.0,138112.8
1.0,0.0,1.0,1.0,1.0,128.0,8.0,256.0,136436.0
1.0,0.0,1.0,1.0,1.0,256.0,8.0,256.0,136729.2
1.0,0.0,1.0,1.0,1.0,64.0,32.0,256.0,139137.0
1.0,0.0,1.0,1.0,1.0,128.0,32.0,256.0,137237.2
1.0,0.0,1.0,1.0,1.0,256.0,32.0,256.0,137724.2
1.0,0.0,1.0,1.0,1.0,64.0,2.0,1024.0,135739.2
1.0,0.0,1.0,1.0,1.0,128.0,2.0,1024.0,137186.6
1.0,0.0,1.0,1.0,1.0,256.0,2.0,1024.0,139540.2
1.0,0.0,1.0,1.0,1.0,64.0,8.0,1024.0,142008.0
1.0,0.0,1.0,1.0,1.0,128.0,8.0,1024.0,139292.8
1.0,0.0,1.0,1.0,1.0,256.0,8.0,1024.0,134859.0
1.0,0.0,1.0,1.0,1.0,64.0,32.0,1024.0,141022.0
1.0,0.0,1.0,1.0,1.0,128.0,32.0,1024.0,142199.6
1.0,0.0,1.0,1.0,1.0,256.0,32.0,1024.0,139302.2
1.0,0.0,1.0,1.0,1.0,64.0,2.0,4096.0,139900.6
1.0,0.0,1.0,1.0,1.0,128.0,2.0,4096.0,140684.8
1.0,0.0,1.0,1.0,1.0,256.0,2.0,4096.0,140433.0
1.0,0.0,1.0,1.0,1.0,64.0,8.0,4096.0,136839.6
1.0,0.0,1.0,1.0,1.0,128.0,8.0,4096.0,136724.4
1.0,0.0,1.0,1.0,1.0,256.0,8.0,4096.0,136683.0
1.0,0.0,1.0,1.0,1.0,64.0,32.0,4096.0,138867.0
1.0,0.0,1.0,1.0,1.0,128.0,32.0,4096.0,136977.2
1.0,0.0,1.0,1.0,1.0,256.0,32.0,4096.0,139169.0
1.0,1.0,0.0,0.0,0.0,64.0,2.0,256.0,132203.8
1.0,1.0,0.0,0.0,0.0,128.0,2.0,256.0,132604.8
1.0,1.0,0.0,0.0,0.0,256.0,2.0,256.0,133900.6
1.0,1.0,0.0,0.0,0.0,64.0,8.0,256.0,134334.0
1.0,1.0,0.0,0.0,0.0,128.0,8.0,256.0,125404.4
1.0,1.0,0.0,0.0,0.0,256.0,8.0,256.0,133404.8
1.0,1.0,0.0,0.0,0.0,64.0,32.0,256.0,132467.8
1.0,1.0,0.0,0.0,0.0,128.0,32.0,256.0,131583.0
1.0,1.0,0.0,0.0,0.0,256.0,32.0,256.0,130682.8
1.0,1.0,0.0,0.0,0.0,64.0,2.0,1024.0,132621.4
1.0,1.0,0.0,0.0,0.0,128.0,2.0,1024.0,133545.6
1.0,1.0,0.0,0.0,0.0,256.0,2.0,1024.0,132971.6
1.0,1.0,0.0,0.0,0.0,64.0,8.0,1024.0,134852.2
1.0,1.0,0.0,0.0,0.0,128.0,8.0,1024.0,136315.0
1.0,1.0,0.0,0.0,0.0,256.0,8.0,1024.0,132666.2
1.0,1.0,0.0,0.0,0.0,64.0,32.0,1024.0,132129.6
1.0,1.0,0.0,0.0,0.0,128.0,32.0,1024.0,133666.2
1.0,1.0,0.0,0.0,0.0,256.0,32.0,1024.0,131767.4
1.0,1.0,0.0,0.0,0.0,64.0,2.0,4096.0,130337.2
1.0,1.0,0.0,0.0,0.0,128.0,2.0,4096.0,133164.4
1.0,1.0,0.0,0.0,0.0,256.0,2.0,4096.0,133927.6
1.0,1.0,0.0,0.0,0.0,64.0,8.0,4096.0,135287.8
1.0,1.0,0.0,0.0,0.0,128.0,8.0,4096.0,137327.0
1.0,1.0,0.0,0.0,0.0,256.0,8.0,4096.0,133344.2
1.0,1.0,0.0,0.0,0.0,64.0,32.0,4096.0,132759.0
1.0,1.0,0.0,0.0,0.0,128.0,32.0,4096.0,134334.8
1.0,1.0,0.0,0.0,0.0,256.0,32.0,4096.0,132785.6
1.0,1.0,0.0,0.0,1.0,64.0,2.0,256.0,134110.6
1.0,1.0,0.0,0.0,1.0,128.0,2.0,256.0,136842.2
1.0,1.0,0.0,0.0,1.0,256.0,2.0,256.0,135922.0
1.0,1.0,0.0,0.0,1.0,64.0,8.0,256.0,134080.8
1.0,1.0,0.0,0.0,1.0,128.0,8.0,256.0,137657.6
1.0,1.0,0.0,0.0,1.0,256.0,8.0,256.0,131946.0
1.0,1.0,0.0,0.0,1.0,64.0,32.0,256.0,132894.8
1.0,1.0,0.0,0.0,1.0,128.0,32.0,256.0,131364.4
1.0,1.0,0.0,0.0,1.0,256.0,32.0,256.0,134256.8
1.0,1.0,0.0,0.0,1.0,64.0,2.0,1024.0,136113.4
1.0,1.0,0.0,0.0,1.0,128.0,2.0,1024.0,130383.4
1.0,1.0,0.0,0.0,1.0,256.0,2.0,1024.0,131355.4
1.0,1.0,0.0,0.0,1.0,64.0,8.0,1024.0,134931.8
1.0,1.0,0.0,0.0,1.0,128.0,8.0,1024.0,133644.4
1.0,1.0,0.0,0.0,1.0,256.0,8.0,1024.0,133251.6
1.0,1.0,0.0,0.0,1.0,64.0,32.0,1024.0,132368.4
1.0,1.0,0.0,0.0,1.0,128.0,32.0,1024.0,133874.4
1.0,1.0,0.0,0.0,1.0,256.0,32.0,1024.0,135112.0
1.0,1.0,0.0,0.0,1.0,64.0,2.0,4096.0,136458.4
1.0,1.0,0.0,0.0,1.0,128.0,2.0,4096.0,133053.0
1.0,1.0,0.0,0.0,1.0,256.0,2.0,4096.0,132262.2
1.0,1.0,0.0,0.0,1.0,64.0,8.0,4096.0,133183.8
1.0,1.0,0.0,0.0,1.0,128.0,8.0,4096.0,133286.0
1.0,1.0,0.0,0.0,1.0,256.0,8.0,4096.0,135842.6
1.0,1.0,0.0,0.0,1.0,64.0,32.0,4096.0,134364.4
1.0,1.0,0.0,0.0,1.0,128.0,32.0,4096.0,133873.0
1.0,1.0,0.0,0.0,1.0,256.0,32.0,4096.0,134608.6
1.0,1.0,0.0,1.0,0.0,64.0,2.0,256.0,134157.4
1.0,1.0,0.0,1.0,0.0,128.0,2.0,256.0,135754.4
1.0,1.0,0.0,1.0,0.0,256.0,2.0,256.0,135862.0
1.0,1.0,0.0,1.0,0.0,64.0,8.0,256.0,133943.0
1.0,1.0,0.0,1.0,0.0,128.0,8.0,256.0,131542.8
1.0,1.0,0.0,1.0,0.0,256.0,8.0,256.0,133679.6
1.0,1.0,0.0,1.0,0.0,64.0,32.0,256.0,133072.4
1.0,1.0,0.0,1.0,0.0,128.0,32.0,256.0,132344.8
1.0,1.0,0.0,1.0,0.0,256.0,32.0,256.0,134325.4
1.0,1.0,0.0,1.0,0.0,64.0,2.0,1024.0,139402.4
1.0,1.0,0.0,1.0,0.0,128.0,2.0,1024.0,132390.8
1.0,1.0,0.0,1.0,0.0,256.0,2.0,1024.0,133595.4
1.0,1.0,0.0,1.0,0.0,64.0,8.0,1024.0,132315.2
1.0,1.0,0.0,1.0,0.0,128.0,8.0,1024.0,135017.0
1.0,1.0,0.0,1.0,0.0,256.0,8.0,1024.0,131766.4
1.0,1.0,0.0,1.0,0.0,64.0,32.0,1024.0,132685.0
1.0,1.0,0.0,1.0,0.0,128.0,32.0,1024.0,134356.6
1.0,1.0,0.0,1.0,0.0,256.0,32.0,1024.0,134381.0
1.0,1.0,0.0,1.0,0.0,64.0,2.0,4096.0,131709.2
1.0,1.0,0.0,1.0,0.0,128.0,2.0,4096.0,132373.8
1.0,1.0,0.0,1.0,0.0,256.0,2.0,4096.0,129499.4
1.0,1.0,0.0,1.0,0.0,64.0,8.0,4096.0,135789.2
1.0,1.0,0.0,1.0,0.0,128.0,8.0,4096.0,132048.8
1.0,1.0,0.0,1.0,0.0,256.0,8.0,4096.0,133120.6
1.0,1.0,0.0,1.0,0.0,64.0,32.0,4096.0,131301.0
1.0,1.0,0.0,1.0,0.0,128.0,32.0,4096.0,130274.6
1.0,1.0,0.0,1.0,0.0,256.0,32.0,4096.0,128968.4
1.0,1.0,0.0,1.0,1.0,64.0,2.0,256.0,134107.4
1.0,1.0,0.0,1.0,1.0,128.0,2.0,256.0,130923.0
1.0,1.0,0.0,1.0,1.0,256.0,2.0,256.0,131228.6
1.0,1.0,0.0,1.0,1.0,64.0,8.0,256.0,132419.2
1.0,1.0,0.0,1.0,1.0,128.0,8.0,256.0,131563.8
1.0,1.0,0.0,1.0,1.0,256.0,8.0,256.0,132543.6
1.0,1.0,0.0,1.0,1.0,64.0,32.0,256.0,135693.6
1.0,1.0,0.0,1.0,1.0,128.0,32.0,256.0,130087.4
1.0,1.0,0.0,1.0,1.0,256.0,32.0,256.0,132261.2
1.0,1.0,0.0,1.0,1.0,64.0,2.0,1024.0,128299.6
1.0,1.0,0.0,1.0,1.0,128.0,2.0,1024.0,127180.0
1.0,1.0,0.0,1.0,1.0,256.0,2.0,1024.0,130103.4
1.0,1.0,0.0,1.0,1.0,64.0,8.0,1024.0,125966.2
1.0,1.0,0.0,1.0,1.0,128.0,8.0,1024.0,129166.2
1.0,1.0,0.0,1.0,1.0,256.0,8.0,1024.0,122151.8
1.0,1.0,0.0,1.0,1.0,64.0,32.0,1024.0,123397.2
1.0,1.0,0.0,1.0,1.0,128.0,32.0,1024.0,129568.0
1.0,1.0,0.0,1.0,1.0,256.0,32.0,1024.0,127450.4
1.0,1.0,0.0,1.0,1.0,64.0,2.0,4096.0,134920.4
1.0,1.0,0.0,1.0,1.0,128.0,2.0,4096.0,128536.4
1.0,1.0,0.0,1.0,1.0,256.0,2.0,4096.0,125375.6
1.0,1.0,0.0,1.0,1.0,64.0,8.0,4096.0,128898.0
1.0,1.0,0.0,1.0,1.0,128.0,8.0,4096.0,126456.8
1.0,1.0,0.0,1.0,1.0,256.0,8.0,4096.0,131693.0
1.0,1.0,0.0,1.0,1.0,64.0,32.0,4096.0,130741.8
1.0,1.0,0.0,1.0,1.0,128.0,32.0,4096.0,131405.0
1.0,1.0,0.0,1.0,1.0,256.0,32.0,4096.0,126458.8
1.0,1.0,1.0,0.0,0.0,64.0,2.0,256.0,132226.4
1.0,1.0,1.0,0.0,0.0,128.0,2.0,256.0,136797.8
1.0,1.0,1.0,0.0,0.0,256.0,2.0,256.0,129738.2
1.0,1.0,1.0,0.0,0.0,64.0,8.0,256.0,130526.8
1.0,1.0,1.0,0.0,0.0,128.0,8.0,256.0,131126.8
1.0,1.0,1.0,0.0,0.0,256.0,8.0,256.0,131089.2
1.0,1.0,1.0,0.0,0.0,64.0,32.0,256.0,136657.4
1.0,1.0,1.0,0.0,0.0,128.0,32.0,256.0,134640.4
1.0,1.0,1.0,0.0,0.0,256.0,32.0,256.0,130642.8
1.0,1.0,1.0,0.0,0.0,64.0,2.0,1024.0,129472.0
1.0,1.0,1.0,0.0,0.0,128.0,2.0,1024.0,135272.2
1.0,1.0,1.0,0.0,0.0,256.0,2.0,1024.0,135845.2
1.0,1.0,1.0,0.0,0.0,64.0,8.0,1024.0,133447.6
1.0,1.0,1.0,0.0,0.0,128.0,8.0,1024.0,133603.0
1.0,1.0,1.0,0.0,0.0,256.0,8.0,1024.0,133985.0
1.0,1.0,1.0,0.0,0.0,64.0,32.0,1024.0,134439.4
1.0,1.0,1.0,0.0,0.0,128.0,32.0,1024.0,132014.6
1.0,1.0,1.0,0.0,0.0,256.0,32.0,1024.0,132806.8
1.0,1.0,1.0,0.0,0.0,64.0,2.0,4096.0,135253.6
1.0,1.0,1.0,0.0,0.0,128.0,2.0,4096.0,133944.0
1.0,1.0,1.0,0.0,0.0,256.0,2.0,4096.0,131836.0
1.0,1.0,1.0,0.0,0.0,64.0,8.0,4096.0,130763.8
1.0,1.0,1.0,0.0,0.0,128.0,8.0,4096.0,128931.4
1.0,1.0,1.0,0.0,0.0,256.0,8.0,4096.0,136698.2
1.0,1.0,1.0,0.0,0.0,64.0,32.0,4096.0,131524.0
1.0,1.0,1.0,0.0,0.0,128.0,32.0,4096.0,128492.6
1.0,1.0,1.0,0.0,0.0,256.0,32.0,4096.0,131082.0
1.0,1.0,1.0,0.0,1.0,64.0,2.0,256.0,132282.6
1.0,1.0,1.0,0.0,1.0,128.0,2.0,256.0,130635.2
1.0,1.0,1.0,0.0,1.0,256.0,2.0,256.0,137593.6
1.0,1.0,1.0,0.0,1.0,64.0,8.0,256.0,132169.4
1.0,1.0,1.0,0.0,1.0,128.0,8.0,256.0,128988.8
1.0,1.0,1.0,0.0,1.0,256.0,8.0,256.0,132414.6
1.0,1.0,1.0,0.0,1.0,64.0,32.0,256.0,133542.0
1.0,1.0,1.0,0.0,1.0,128.0,32.0,256.0,128130.2
1.0,1.0,1.0,0.0,1.0,256.0,32.0,256.0,129297.0
1.0,1.0,1.0,0.0,1.0,64.0,2.0,1024.0,132269.2
1.0,1.0,1.0,0.0,1.0,128.0,2.0,1024.0,134561.0
1.0,1.0,1.0,0.0,1.0,256.0,2.0,1024.0,128397.6
1.0,1.0,1.0,0.0,1.0,64.0,8.0,1024.0,127709.6
1.0,1.0,1.0,0.0,1.0,128.0,8.0,1024.0,132620.2
1.0,1.0,1.0,0.0,1.0,256.0,8.0,1024.0,128079.8
1.0,1.0,1.0,0.0,1.0,64.0,32.0,1024.0,130145.2
1.0,1.0,1.0,0.0,1.0,128.0,32.0,1024.0,135219.0
1.0,1.0,1.0,0.0,1.0,256.0,32.0,1024.0,129640.2
1.0,1.0,1.0,0.0,1.0,64.0,2.0,4096.0,131156.6
1.0,1.0,1.0,0.0,1.0,128.0,2.0,4096.0,134358.4
1.0,1.0,1.0,0.0,1.0,256.0,2.0,4096.0,132488.4
1.0,1.0,1.0,0.0,1.0,64.0,8.0,4096.0,127743.8
1.0,1.0,1.0,0.0,1.0,128.0,8.0,4096.0,130528.6
1.0,1.0,1.0,0.0,1.0,256.0,8.0,4096.0,131231.2
1.0,1.0,1.0,0.0,1.0,64.0,32.0,4096.0,128550.0
1.0,1.0,1.0,0.0,1.0,128.0,32.0,4096.0,128474.6
1.0,1.0,1.0,0.0,1.0,256.0,32.0,4096.0,128597.0
1.0,1.0,1.0,1.0,0.0,64.0,2.0,256.0,128226.2
1.0,1.0,1.0,1.0,0.0,128.0,2.0,256.0,128216.6
1.0,1.0,1.0,1.0,0.0,256.0,2.0,256.0,129518.8
1.0,1.0,1.0,1.0,0.0,64.0,8.0,256.0,133653.4
1.0,1.0,1.0,1.0,0.0,128.0,8.0,256.0,130678.4
1.0,1.0,1.0,1.0,0.0,256.0,8.0,256.0,124653.8
1.0,1.0,1.0,1.0,0.0,64.0,32.0,256.0,128814.8
1.0,1.0,1.0,1.0,0.0,128.0,32.0,256.0,130071.2
1.0,1.0,1.0,1.0,0.0,256.0,32.0,256.0,131548.2
1.0,1.0,1.0,1.0,0.0,64.0,2.0,1024.0,125822.2
1.0,1.0,1.0,1.0,0.0,128.0,2.0,1024.0,128922.6
1.0,1.0,1.0,1.0,0.0,256.0,2.0,1024.0,129660.2
1.0,1.0,1.0,1.0,0.0,64.0,8.0,1024.0,126794.8
1.0,1.0,1.0,1.0,0.0,128.0,8.0,1024.0,129666.0
1.0,1.0,1.0,1.0,0.0,256.0,8.0,1024.0,129117.4
1.0,1.0,1.0,1.0,0.0,64.0,32.0,1024.0,127659.2
1.0,1.0,1.0,1.0,0.0,128.0,32.0,1024.0,126388.4
1.0,1.0,1.0,1.0,0.0,256.0,32.0,1024.0,127038.8
1.0,1.0,1.0,1.0,0.0,64.0,2.0,4096.0,130507.0
1.0,1.0,1.0,1.0,0.0,128.0,2.0,4096.0,127278.2
1.0,1.0,1.0,1.0,0.0,256.0,2.0,4096.0,127337.6
1.0,1.0,1.0,1.0,0.0,64.0,8.0,4096.0,129001.8
1.0,1.0,1.0,1.0,0.0,128.0,8.0,4096.0,129330.0
1.0,1.0,1.0,1.0,0.0,256.0,8.0,4096.0,129630.8
1.0,1.0,1.0,1.0,0.0,64.0,32.0,4096.0,128959.6
1.0,1.0,1.0,1.0,0.0,128.0,32.0,4096.0,127500.8
1.0,1.0,1.0,1.0,0.0,256.0,32.0,4096.0,134654.6
1.0,1.0,1.0,1.0,1.0,64.0,2.0,256.0,128684.6
1.0,1.0,1.0,1.0,1.0,128.0,2.0,256.0,130797.6
1.0,1.0,1.0,1.0,1.0,256.0,2.0,256.0,130773.4
1.0,1.0,1.0,1.0,1.0,64.0,8.0,256.0,131856.0
1.0,1.0,1.0,1.0,1.0,128.0,8.0,256.0,130828.8
1.0,1.0,1.0,1.0,1.0,256.0,8.0,256.0,136030.6
1.0,1.0,1.0,1.0,1.0,64.0,32.0,256.0,132168.8
1.0,1.0,1.0,1.0,1.0,128.0,32.0,256.0,135538.4
1.0,1.0,1.0,1.0,1.0,256.0,32.0,256.0,130466.0
1.0,1.0,1.0,1.0,1.0,64.0,2.0,1024.0,131163.4
1.0,1.0,1.0,1.0,1.0,128.0,2.0,1024.0,132657.0
1.0,1.0,1.0,1.0,1.0,256.0,2.0,1024.0,129201.2
1.0,1.0,1.0,1.0,1.0,64.0,8.0,1024.0,131358.0
1.0,1.0,1.0,1.0,1.0,128.0,8.0,1024.0,130226.0
1.0,1.0,1.0,1.0,1.0,256.0,8.0,1024.0,131012.4
1.0,1.0,1.0,1.0,1.0,64.0,32.0,1024.0,130551.4
1.0,1.0,1.0,1.0,1.0,128.0,32.0,1024.0,130943.4
1.0,1.0,1.0,1.0,1.0,256.0,32.0,1024.0,130423.0
1.0,1.0,1.0,1.0,1.0,64.0,2.0,4096.0,132912.2
1.0,1.0,1.0,1.0,1.0,128.0,2.0,4096.0,131763.6
1.0,1.0,1.0,1.0,1.0,256.0,2.0,4096.0,127524.8
1.0,1.0,1.0,1.0,1.0,64.0,8.0,4096.0,130401.6
1.0,1.0,1.0,1.0,1.0,128.0,8.0,4096.0,130405.6
1.0,1.0,1.0,1.0,1.0,256.0,8.0,4096.0,134411.4
1.0,1.0,1.0,1.0,1.0,64.0,32.0,4096.0,131409.8
1.0,1.0,1.0,1.0,1.0,128.0,32.0,4096.0,132082.4
1.0,1.0,1.0,1.0,1.0,256.0,32.0,4096.0,132021.2
